origin,flights_n,fuel_demand_tonnes
EDDF,106233,1420696.6014447657
EDDM,64122,674550.2973911419
EDDP,9731,257831.31566566156
VHHH,1663,150906.23110013115
KLAX,1519,145187.30833031036
KORD,1200,93371.35650908643
EDDL,23030,86381.80611546354
RJTT,690,74424.78103624997
KSFO,666,70095.71840171143
KJFK,1084,65852.16335302564
KCVG,765,63663.51303732432
VTBS,888,58433.09967747308
MMMX,474,56099.30310537626
EDDH,16841,52314.51550445534
KBOS,677,48886.90997364282
VIDP,670,48366.84207764232
CYVR,575,45476.41403405179
KIAD,506,45065.4787089691
LEPA,8961,44204.69447722006
KSEA,665,43960.62961859188
EDDB,14494,42481.197739731295
RKSI,624,41425.48146886657
EDDS,11600,37889.043665254445
KEWR,532,36258.21724150043
KDEN,444,35809.95949234684
OMDB,911,35762.20699158086
CYYZ,758,35256.90510495833
KATL,391,32254.11309237884
KMIA,342,31036.4822365587
LEBL,6172,26692.960413974986
FACT,349,25989.32759083124
EGLL,11318,25852.510770022258
EDDK,7289,24018.476834007368
RJAA,621,23929.88514350413
KSAN,284,23673.83251276844
SAEZ,181,23023.38716064999
KMCO,439,22979.940369156386
KIAH,250,21747.89870535172
SBGR,195,20640.758182928937
LEMD,3287,19619.29666376125
KDFW,282,19096.542531657462
EHAM,8690,18534.072499719623
CYUL,330,18454.743338366243
LPPT,2581,18399.19712490627
LEMG,2658,18071.38293645762
ZGSZ,171,18003.82879321381
LIRF,4447,16649.02607461938
LGAV,2708,16500.09565674821
LIMC,3284,15633.952977088458
CYYC,294,15302.01503240248
ESSA,3281,14999.474710322796
LPPR,2355,14948.228967450399
MMUN,245,14266.531738581147
KCLT,216,14230.32817139804
EDDV,4277,13465.983054243383
LGRP,1738,13417.14044792556
KLAS,214,12893.447932941299
SKBO,174,12582.679584837877
RJBB,154,12528.28036311059
LPMA,1274,12400.077240098473
LPFR,1714,12378.312460105943
LLBG,1182,12261.209498067614
LHBP,3803,12213.555895638341
LCLK,1416,11881.645962857625
LFPG,4580,11566.012205932511
LSZH,4942,11541.263055384412
EGNX,846,10952.160023353226
ENGM,2534,10934.160506140475
EIDW,2491,10777.843767951194
EKCH,3484,10581.623970146124
LOWW,3365,10545.402957044023
LROP,2215,10476.394298679486
WSSS,173,10216.15495344884
EFHK,1955,10115.800245302353
MMMY,95,9881.765459927457
LGKO,1333,9827.782091527499
KTPA,187,9607.768224927899
EGCC,2803,9218.926383754182
ESGG,2631,9075.957981234911
SBKP,100,8491.36185361179
KDTW,149,8474.326513286342
LFMN,2633,8112.562808711813
LMML,1248,7793.760352377454
SBGL,101,7692.953240753479
EPKK,2459,7672.276425729573
EPWA,2116,7558.075983359042
LEIB,1440,7466.980329582229
WSAC,82,7229.298180857566
LTFM,705,7148.978068659238
LEVC,1285,6796.434938596075
LBSF,1377,6342.913622771415
LGTS,1115,6277.435976016605
EGPH,1493,6035.835015183585
KAUS,91,6007.288479132843
LIPZ,2085,5767.241387264618
LKPR,2800,5556.4529014449045
EDDW,2498,5460.050803097948
PANC,93,5325.471299810781
EBBR,728,5176.27976068632
EGBB,1588,5007.148230043025
LFML,1555,4988.277682304998
EETN,905,4916.28027524255
LEJR,693,4871.101166868835
LFBO,1346,4663.129670060334
LEAL,847,4636.857426761558
KRDU,96,4586.477965181011
KPHL,101,4443.03526326585
OBBI,66,4211.660611756351
LFLL,1558,4142.996030459467
BIKF,462,4119.008535577915
LYBE,1173,4045.1873848459345
VOYK,40,3748.9540976620656
LEZL,661,3641.4052972809673
EYVI,776,3557.220080730441
KSTL,69,3458.7004693677673
LIML,1523,3453.9955097462935
ENBR,750,3306.904361812831
EDDN,2050,3031.4636027360284
LOWS,1305,2770.1007919472054
EVRA,566,2690.0150170393454
UGTB,339,2688.3887526890544
EDDC,1307,2675.4498310070326
EKBI,920,2643.199962838346
LDZA,976,2615.7580016670595
LIPE,811,2585.1765984445333
RCTP,30,2501.358021720559
GCLP,219,2365.153386988162
EPGD,662,2255.417317169301
ENZV,444,2133.3741595605306
LICJ,434,2077.23896048169
CYHZ,55,2059.6246027697857
EGGW,488,2023.0241902038554
KPDX,34,1971.4559388683342
LICZ,385,1922.039083082497
LSGG,833,1856.5624655202075
EDDG,812,1855.3459981685742
GCFV,179,1781.588948164415
KRSW,34,1710.59788261839
EGPF,402,1674.5192631701138
EKYT,723,1664.5405576583537
LGZA,239,1579.568911968106
KMSP,33,1569.589456113153
LGSA,217,1559.2886436001659
EPPO,567,1541.3400108540864
LICA,306,1525.333422291701
LTAI,200,1518.9373951792104
LDDU,369,1460.8506270043924
HECA,108,1431.030147651895
VABB,20,1412.4717432811633
MROC,16,1324.8000000000081
LGMK,209,1302.3625600047603
LICC,283,1199.189670227165
EGKK,462,1167.6931201772284
EDLW,241,1124.157893756887
LBBG,180,1091.3833916014325
LGKV,185,1079.1478337237168
HKMO,22,1028.1088139865544
LJLJ,384,934.9996956995398
EDXW,374,912.7555840728255
LFBD,232,886.5395956641421
LEVT,234,884.8809131255585
TFFF,17,855.382600570419
VVNB,21,830.6444574602351
EGSS,440,790.0004647623126
LEMH,175,783.0700078253441
LIEO,197,777.1809225854113
VMMC,9,771.8196862047594
ELLX,551,767.692265295895
GCRR,79,763.2261319251951
LFKB,218,752.1691293662327
FAGM,6,747.8328912908477
EGPD,279,720.2864903416577
KPAE,52,702.3241249875983
LRTR,272,674.1951033927405
LEST,116,672.1674478846548
LIBD,144,668.1108510128668
EGNT,219,660.8033502784083
SKGY,9,649.9745298236063
LFRS,187,643.5132443570674
LOWG,203,639.1735640161769
VVTS,6,632.6999999999998
LWSK,110,569.4799602538164
LIRA,101,568.4400823574705
GMMN,78,534.2779810850715
KFMY,10,533.7141450185443
OLBA,71,524.3140524098964
LEAS,100,515.5299897441192
VOMM,6,509.95069748142043
ESNX,78,499.76036103399923
ENBO,66,495.2979409874934
ENVA,87,482.9849037096552
LHDC,133,476.9965571281801
LPPD,55,471.3960352624354
LIPQ,147,450.2500564774594
EGLC,348,443.63073956255727
BKPR,88,434.13729802344704
LGKF,71,407.9835021140669
EINN,33,400.0496445660762
LIPX,131,398.23017369813215
LCPH,47,392.4139812566216
EPWR,174,380.1298017702143
LIBR,81,376.7190409955958
RPLL,7,325.6665757690982
GCLA,28,325.59468451886573
LPAR,49,317.43434398878026
SDWL,13,309.97315525212986
LIRQ,88,309.30427482820727
LDPL,110,307.22513837362425
EGFF,144,302.8339924369565
DAAG,50,277.9296150336614
LKTB,122,275.9828994319202
DTTJ,40,254.2282160319675
KSBD,2,250.29972947336012
LQSA,66,247.48215526757087
LTBK,48,241.43911502187663
GCXO,22,232.09945667680327
MMIM,4,231.9383709809157
LZIB,87,228.29583926865627
EGHI,134,220.37006352052225
LIEE,46,218.93519625185084
FNLU,4,216.59560784616997
LIRM,46,213.23917606299887
LIME,74,208.707926657742
LIRP,55,206.7225963427351
DTTA,35,185.95666870156313
EDFH,51,171.39804225682917
ESOE,126,169.4658295695907
LOWI,55,166.06484695237256
MMTJ,2,165.60000000000102
RJBE,2,163.55957245476762
LROD,51,163.44162712366972
LKMT,123,158.32391863437522
HKJK,3,156.98876586581136
MDSD,3,156.71425989300673
EPKT,50,156.6094334965347
LTFE,22,155.8493632373156
KSMO,1,151.92648523117128
EFKT,20,147.77506866623693
KMGJ,3,146.02491210870795
VOTX,2,141.79885764666415
LGSM,21,134.90559105932266
MMJC,1,134.3099999999997
EICK,29,129.91027818855832
LBWN,22,129.75904076838168
KPHX,1,128.85570898174697
FSIA,2,124.52891318767352
WSAP,1,119.03999999999972
EGJJ,34,114.93656227775143
ENCN,45,114.19293038107085
LGKR,22,112.91304048903483
LRCL,32,112.69471152965076
LIPL,27,111.05764647214812
LDRG,39,109.88254230374147
EGHQ,33,108.33859549667073
KORL,2,106.11519355038169
EDSB,27,105.56628294191222
EDCT,1,105.44999999999996
MMAN,1,105.44999999999996
HKNW,2,104.58281074077956
NTAA,2,103.49647388593827
KCHS,8,101.52783586829048
KLDJ,1,93.541015194693
EDFE,7,91.59567424851801
KBWI,2,90.72760180703627
EBGB,1,88.60506514989805
EDAM,4,84.22795402958182
LGPZ,15,82.28757467734029
KSKF,3,77.53358337075846
OEJN,6,76.34465417657262
SKMA,1,72.37908994581012
DTMB,12,69.35062704690631
LDRI,22,68.5927426505267
SUMU,12,68.4396721713699
LIMJ,24,67.99705874676287
LGBL,10,65.65020948023587
GMTT,11,64.98203145706171
EDVE,18,63.45814558923343
LOWK,22,63.344501859876154
LOWL,26,61.87934556299483
LFBZ,15,61.164623074214866
EDDR,41,60.700836378590964
OEDR,1,59.59523108301708
FAGC,1,58.540960382654916
LATI,12,55.6908312663195
LIRN,14,53.76656980926921
ETOU,1,52.894942940424905
EYKA,24,52.74028661639781
MDSI,1,52.25234489368684
OSDI,5,52.149219551104245
HTZA,2,51.19333384470061
ENEV,8,50.704683729518266
OEDF,1,43.61393128714242
KSWF,1,43.28091729780863
KPOU,1,43.13236349774032
LPMT,6,42.621155677772855
EDVK,47,42.27167890700945
LIPO,11,40.69183685590812
SBBI,5,38.161693648118714
EDLP,16,35.90481435632174
LFKF,10,35.72341055986927
LTFJ,4,32.83636502964994
EHEH,10,32.17106128926216
LFST,26,30.20862770500849
ESUK,5,28.765181393909316
LIED,6,28.411099432782088
LDZD,9,28.19839779545068
OMAA,3,27.740667073629083
LETO,3,27.457081687329314
SADZ,1,26.9588581516149
LFMT,8,26.867126897575886
GVBA,2,25.554187358381583
LGSK,4,25.362460298162194
ENKJ,6,25.184997636043875
EPRZ,7,24.915171384508124
LESL,5,24.568947067404522
EGSH,9,23.046690049944306
LFLC,5,22.286560652245942
LFHC,8,21.77136838968616
LGRX,4,21.65591339035476
LFMP,9,21.240012379538214
LFIX,5,20.767530925060633
OJAI,2,20.18944031868396
EHBK,12,19.966337706740774
LGSO,3,19.939544276668844
KMZJ,1,19.62386016539144
LIMF,8,19.42809298574477
KMWH,6,19.13199911018329
LRCV,3,19.11201730097942
KSLC,2,18.69004518587729
LFRN,6,18.49984199960525
EDNY,6,18.118279947133033
HEAZ,2,18.068702980814123
KOKC,3,18.007449216329377
EDLE,2,16.195975712332555
EDHI,7,15.989188893436218
ETNG,15,15.48536838511053
EYSA,3,14.728014428182549
LFQQ,4,14.361367201256735
EHRD,8,14.028424824049104
LFNG,4,13.891044479706151
UBBB,2,13.889106750354118
LYTV,3,13.81560998487495
GVAC,1,12.487776563854668
EGAC,3,12.30159032703741
LFBT,5,12.105063465542894
LEBB,2,11.842926482648702
LEMP,2,11.42669121759583
LPPS,4,11.213411665047504
LEMR,2,11.173794008950448
EDJA,4,11.058638015179561
EDLN,1,10.277934349737325
LFPB,10,9.66157639529687
WMKK,2,8.634355314627115
LFRB,2,7.914429248330318
ESGJ,2,7.787590137435226
LFLS,2,7.744231388898801
GMTN,1,7.413873837864395
LSZB,12,7.200001741795798
GMMW,1,7.174674167180821
LIPN,2,7.111527633538239
SAAR,1,7.084924573664207
EGNM,2,7.017158656625392
LPCS,1,6.987613621988804
EFHF,1,6.870224445380785
LEVD,1,6.76508088157735
EGTE,3,6.574350384059463
ETSI,5,6.544917479834177
EGGD,2,6.421589228350537
LFCL,2,6.3773537369731885
EDHO,1,6.260152963960202
KIND,1,6.222875208503882
LFNR,2,6.0026223058979795
EBLG,5,5.813987525824017
LGKL,1,5.761404884792185
LFRK,4,5.676035491354067
ETNL,13,5.646788329829189
LGAD,1,5.61650316870703
LWOH,1,5.433101337439192
EGAA,1,5.30135843166334
LFRH,2,5.2316118336139645
LEGT,1,5.165160325086782
LOLW,1,5.157790602361309
LGIR,1,4.965807039896542
ENOL,1,4.9404798680629005
LKCS,1,4.892109295085958
EKSB,1,4.815829549590937
LJMB,14,4.591339132974287
LFGU,1,4.514957583244884
LICB,1,4.3822922102703625
LESB,1,4.285523028977604
KBGR,1,4.19335410390817
EDDE,3,3.887493737127879
EHGG,2,3.883966178325635
EPBY,1,3.815761208287896
LRSB,1,3.756189917255531
EBOS,1,3.725686092963115
LIMP,1,3.630827318351694
LIPV,1,3.6135762009005186
EPPR,1,3.575679798708612
EBBE,1,3.4867693690696644
EGLF,6,3.1959390175189553
CYEG,1,3.167172836678286
LFTH,4,3.1190655823795845
LIPH,1,3.0765031360064867
KEPH,1,2.999489382817964
KBHM,1,2.9690041878465765
EGMC,3,2.9676818059905283
LIMB,2,2.962540716206897
LILV,1,2.7831033201623483
EGGP,1,2.7752030542763326
EDGP,1,2.700131365655181
EFTP,2,2.6683139611047104
KBUF,1,2.6005672003590483
EGKB,2,2.5331562096101723
LKKL,1,2.3893532739384002
EGTF,1,2.387847972569715
LZKZ,2,2.310314412263097
EGLD,1,2.280791850830888
LKCM,1,2.173737117335002
EDMO,6,1.9454198195708945
EGNV,1,1.7805288129463186
VTBU,1,1.5678559181961302
LKSN,1,1.4370239374802483
EFTU,1,1.4075188217990404
LFMU,2,1.3902967248207083
EDHL,2,1.2991154344545772
WMKJ,1,1.2916016816270284
OTHH,1,1.226787555235887
KPVD,1,1.1711988536418803
EDQH,1,0.9513478160633825
KFRG,1,0.7793372648689867
LIEA,1,0.7316227982053265
KSFB,1,0.6769958258377479
EETU,2,0.648947282992769
EDTL,1,0.6400580166028064
LERS,1,0.5390665082676511
LEVX,1,0.39574728355828925
EDON,1,0.3433153480522618
EDFG,1,0.3341366713572613
LEGE,1,0.32384109795059024
KBFI,2,0.0
EDKB,1,0.0
