raw_aircraft_type,openap_type,year,number_of_trips,total_distance_km,total_fuel_kg,total_energy_mwh,total_co2_kg,total_nox_kg,average_flight_distance_km,average_fuel_kg_per_flight,fuel_kg_per_km,energy_mwh_per_km,co2_kg_per_km
A20N,A20N,2025,20912,22841670.93599425,55456233.46702411,662393.8997450102,175241697.7557962,0.0,1092.275771614109,2651.88568606657,2.427853619922146,0.02899936268240341,7.672017438953982
A20N,A20N,2026,42899,42426414.59923661,105320093.76984327,1257990.0089175724,332811496.31270474,0.0,988.983766503569,2455.071068552723,2.482417964485227,0.02965110346468466,7.844440767773318
A21N,A21N,2025,8539,13111105.059001489,42281424.32497564,505028.1238816534,133609300.86692302,0.0,1535.4379973066505,4951.566263611154,3.2248558862662104,0.0385191119748464,10.190544600601225
A21N,A21N,2026,18287,26119153.511472054,84657551.54917817,1011187.4212818503,267517862.89540303,0.0,1428.2907809630915,4629.384346758799,3.241205788388007,0.038714402472412306,10.242210291306105
A306,B763,2025,4948,4337600.634423931,23333266.45146901,278702.904836991,73733121.98664208,0.0,876.6371532788867,4715.6965342500025,5.379302618662555,0.06425278127846941,16.998596274973675
A306,B763,2026,8247,7096237.411303332,38173973.97057808,455966.9113152383,120629757.74702676,0.0,859.8373211321134,4625.466372298326,5.379466857996067,0.06425474302606415,16.999115271267573
A319,A319,2025,31425,21394983.551447928,88140910.90929647,1052794.2136388188,278525278.47337687,0.0,680.8268433237208,2804.802256461304,4.119699867838012,0.049207526199176246,13.01825158236812
A319,A319,2026,53027,36891260.595832676,151388345.3543162,1808249.680620999,478387171.3196392,0.0,695.7071038495988,2854.9294765745035,4.103637092070998,0.04901566526640359,12.967493210944355
A320,A320,2025,42026,37222962.20188287,155449000.4877602,1856751.9502704688,491218841.54132223,0.0,885.7127064646378,3698.8768973435535,4.176158781900948,0.049881896561594655,13.196661750806996
A320,A320,2026,73090,64914971.988932356,270513654.08229065,3231135.312649583,854823146.9000385,0.0,888.1512106845308,3701.103489975245,4.1671997351922405,0.049774885725907325,13.16835116320748
A321,A321,2025,25045,26348444.878947955,124270201.23971993,1484338.5148077658,392693835.91751504,0.0,1052.044115749569,4961.876671579953,4.716415022239514,0.05633495721008309,14.903871470276867
A321,A321,2026,44810,45183578.50496335,214878897.29683563,2566609.0510455365,679017315.4580007,0.0,1008.3369449891397,4795.333570560938,4.755685680655672,0.05680402340783163,15.027966750871924
A332,A332,2025,571,2757884.3556536823,19551450.63036113,233531.21586264684,61782583.99194118,0.0,4829.920062440775,34240.719142488844,7.08929313525439,0.08467766800442746,22.402166307403878
A332,A332,2026,898,4048415.6929056486,28780008.66995394,343761.2146688943,90944827.39705445,0.0,4508.258009917204,32049.007427565633,7.108955910922727,0.08491252893602147,22.46430067851582
A333,A333,2025,1912,12256976.916190319,85004061.14421917,1015326.2858892847,268612833.21573263,0.0,6410.552780434267,44458.19097501003,6.9351571537951395,0.08283659933699751,21.915096605992645
A333,A333,2026,3127,20162105.841546636,139776821.1469725,1669556.4748110606,441694754.82443315,0.0,6447.7473110158735,44699.97478316997,6.9326499049987245,0.08280665164304032,21.90717369979597
A339,A333,2025,1595,12389024.429190293,84433244.83393963,1008508.2021831677,266809053.67524922,0.0,7767.413435229024,52936.2036576424,6.815164932196192,0.08140335891234339,21.535921185739966
A339,A333,2026,2711,20960233.37226884,142950489.88518927,1707464.1847397608,451723548.0371981,0.0,7731.550487742103,52729.80076915871,6.820081024208347,0.08146207890026638,21.55145603649838
A343,A343,2025,1193,7898984.149117804,74108808.0842915,885188.5410068152,234183833.54636118,0.0,6621.109932202686,62119.70501617058,9.382068210957016,0.11206359251976436,29.647335546624173
A343,A343,2026,1625,10999753.455192318,102855896.64604488,1228556.5432722028,325024633.40150183,0.0,6769.079049349119,63295.93639756608,9.350745638530002,0.1116894617935528,29.548356217754804
A346,A343,2025,262,1642327.4013079053,15556226.710834289,185810.48571274287,49157676.40623635,0.0,6268.4251958317,59374.91111005454,9.472061842508216,0.11313851645218145,29.93171542232596
A346,A343,2026,813,5186923.748558282,49430243.862753525,590416.8016940005,156199570.60630116,0.0,6379.980010526792,60799.80794926633,9.529780320463123,0.11382793160553176,30.11410581266347
A359,A359,2025,3663,28759009.593925547,258092131.42712843,3082767.1253795894,815571135.3097259,0.0,7851.2174703591445,70459.2223388284,8.974305272377753,0.10719309075340094,28.3588046607137
A359,A359,2026,6164,48922799.55490804,437936192.7130791,5230904.524072889,1383878368.97333,0.0,7936.859110140824,71047.4031007591,8.951576702424104,0.1069216106122879,28.28698237966017
A388,A388,2025,966,7519062.505303344,121997293.32939303,1457189.8925455278,385511446.9208819,0.0,7783.708597622509,126291.19392276711,16.225067053684675,0.1937994120301225,51.27121188964357
A388,A388,2026,1450,10770186.348465286,175678177.73641786,2098378.23407388,555143041.6470804,0.0,7427.714723079508,121157.36395615025,16.311526286771386,0.19483211953643603,51.54442306619758
B38M,B38M,2025,689,1200031.5566593918,3624933.6222831635,43297.81826616001,11454790.246414797,0.0,1741.7003725100026,5261.151846564823,3.020698582605722,0.03608056640334613,9.545407521034083
B38M,B38M,2026,1821,3332016.9183494304,9990173.434320169,119327.071576602,31568948.052451733,0.0,1829.7731566993027,5486.091946359236,2.9982361071770804,0.035812264613504015,9.474426098679574
B738,B738,2025,2098,4053901.528079242,14719926.585746685,175821.34532975208,46514968.01095953,0.0,1932.2695558051678,7016.170917896418,3.6310518358153256,0.04337089692779417,11.474123801176429
B738,B738,2026,3882,7331344.895032372,26684481.41335202,318731.3057705936,84322961.26619238,0.0,1888.548401605454,6873.90041559815,3.6397798487741437,0.043475148193691165,11.501704322126294
B744,B744,2025,458,3289928.1410517353,48149124.475149386,575114.5423420621,152151233.34147206,0.0,7183.249216270165,105129.09274050084,14.635311900689999,0.17481066992490832,46.247585606180394
B744,B744,2026,1141,8837553.64087651,126735661.9465214,1513787.0732501165,400484691.7510077,0.0,7745.4457851678435,111074.19977784522,14.34058191854457,0.17129028402706012,45.31623886260085
B748,B748,2025,1882,15670565.510449024,222035048.18415582,2652085.2977551944,701630752.2619325,0.0,8326.54915539268,117978.24026788301,14.168923772157706,0.1692399228341059,44.77379912001835
B748,B748,2026,2635,22717139.80469097,319518277.21797144,3816468.311214659,1009677756.0087898,0.0,8618.03482727275,121213.30698709084,14.065075091539148,0.1679995080378287,44.44563728926371
B752,B752,2025,410,359308.3437966611,2415430.91790674,28850.98040833051,7632761.700585299,0.0,876.3618141381978,5891.2949217237565,6.7224459426237955,0.0802958820924509,21.242929178691192
B752,B752,2026,483,424674.80766655103,2898580.6491090907,34621.93553102525,9159514.851184728,0.0,879.243908212321,6001.202172068511,6.82541228436846,0.08152575784106772,21.568302818604337
B77L,B77W,2025,4793,27660197.469705544,346810017.6722082,4142452.9888624875,1095919655.8441782,0.0,5768.5500458197175,72327.42808596625,12.538233613554175,0.1497622348285638,39.620818218831204
B77L,B77W,2026,7826,46807623.299471825,579015910.4895731,6916023.375292124,1829690277.1470513,0.0,5977.985095717985,73948.39214426221,12.370119858149403,0.14775420941678455,39.08957875175212
B789,B789,2025,729,4051189.500466614,33056787.78266422,394844.96518182266,104459449.39321895,0.0,5557.187243438428,45345.38790488919,8.159773266310243,0.09746395845870567,25.78488352154037
B789,B789,2026,2621,15389832.535603147,125564115.59915529,1499793.6029899104,396782605.2933307,0.0,5871.740761389983,47906.949866140894,8.15890070984676,0.09745353625650298,25.782126243115766
E145,E145,2025,158,122235.54285748606,91961.83713725803,1098.4330546950266,290599.4053537354,0.0,773.6426763132029,582.0369439066964,0.7523330365904782,0.008986200159275159,2.3773723956259114
E145,E145,2026,274,233865.43106695378,175699.0272571142,2098.627270015531,555208.926132481,0.0,853.5234710472765,641.2373257558913,0.7512825921109008,0.00897365318354687,2.3740529910704464
E190,E190,2025,4861,2394232.4655549126,8948551.22467557,106885.47296140264,28277421.869974803,0.0,492.5390795216854,1840.8869007767064,3.737544851394185,0.044642896836097214,11.810641730405626
E190,E190,2026,8023,4063882.11636788,15168975.412155202,181184.98408963156,47933962.30241044,0.0,506.52899368912875,1890.6862036838093,3.732631749100185,0.04458421255869665,11.795116327156586
