ID,Vessel Type,Operator,Operator Country,Status,Build Date,Segment,Range (km),Age (Years),Main Hub,current_technology,operator_economic_weight,operator_environmental_weight,free_ets_allocation,peer_influence,investment_logic,decision_attitude,imo,real_name,data_source
1,Container Ship,Hapag-Lloyd AG,Germany,Active,2015.0,deepsea,20000,11.0,Hamburg,marine_diesel_deepsea,0.0,0.0,0,0.15,ambiguity_aware_utility,risk_neutral,9708851,BARZAN,mrv_or_finaldata_verified
2,Container Ship,CPO Genova Offen Reederei,Germany,Active,2010.0,deepsea,20000,16.0,Hamburg,marine_diesel_deepsea,0.0,0.0,0,0.15,ambiguity_aware_utility,risk_neutral,9461386,MSC GENOVA,mrv_or_finaldata_verified
3,Container Ship,CPO La Spezia Offen Reederei,Germany,Active,2010.0,deepsea,20000,16.0,Hamburg,marine_diesel_deepsea,0.0,0.0,0,0.15,ambiguity_aware_utility,risk_neutral,9461403,MSC LA SPEZIA,mrv_or_finaldata_verified
4,Container Ship,CPO Livorno Offen Reederei,Germany,Active,2010.0,deepsea,20000,16.0,Hamburg,marine_diesel_deepsea,0.0,0.0,0,0.15,ambiguity_aware_utility,risk_neutral,9461427,MSC LIVORNO,mrv_or_finaldata_verified
5,Container Ship,Hapag-Lloyd AG,Germany,Active,2014.0,deepsea,20000,12.0,Hamburg,marine_diesel_deepsea,0.0,0.0,0,0.15,ambiguity_aware_utility,risk_neutral,9708784,BRUSSELS EXPRESS,mrv_or_finaldata_verified
6,Container Ship,Hapag-Lloyd AG,Germany,Active,2015.0,deepsea,20000,11.0,Hamburg,marine_diesel_deepsea,0.0,0.0,0,0.15,ambiguity_aware_utility,risk_neutral,9708801,LINAH,mrv_or_finaldata_verified
7,Container Ship,Hapag-Lloyd AG,Germany,Active,2016.0,deepsea,20000,10.0,Hamburg,marine_diesel_deepsea,0.0,0.0,0,0.15,ambiguity_aware_utility,risk_neutral,9732333,UMM QARN,mrv_or_finaldata_verified
8,Container Ship,Hapag-Lloyd AG,Germany,Active,2012.0,deepsea,20000,14.0,Hamburg,marine_diesel_deepsea,0.0,0.0,0,0.15,ambiguity_aware_utility,risk_neutral,9501344,BASLE EXPRESS,mrv_or_finaldata_verified
9,Container Ship,Hapag-Lloyd AG,Germany,Active,2014.0,deepsea,20000,12.0,Hamburg,marine_diesel_deepsea,0.0,0.0,0,0.15,ambiguity_aware_utility,risk_neutral,9613020,ULSAN EXPRESS,mrv_or_finaldata_verified
10,Container Ship,Hapag-Lloyd AG,Germany,Active,2013.0,deepsea,20000,13.0,Hamburg,marine_diesel_deepsea,0.0,0.0,0,0.15,ambiguity_aware_utility,risk_neutral,9501370,ESSEN EXPRESS,mrv_or_finaldata_verified
11,Container Ship,Hapag-Lloyd AG,Germany,Active,2012.0,deepsea,20000,14.0,Hamburg,marine_diesel_deepsea,0.0,0.0,0,0.15,ambiguity_aware_utility,risk_neutral,9501332,NEW YORK EXPRESS,mrv_or_finaldata_verified
12,Container Ship,Hapag-Lloyd AG,Germany,Active,2013.0,deepsea,20000,13.0,Hamburg,marine_diesel_deepsea,0.0,0.0,0,0.15,ambiguity_aware_utility,risk_neutral,9501356,HONG KONG EXPRESS,mrv_or_finaldata_verified
13,Container Ship,Hapag-Lloyd AG,Germany,Active,2013.0,deepsea,20000,13.0,Hamburg,marine_diesel_deepsea,0.0,0.0,0,0.15,ambiguity_aware_utility,risk_neutral,9501368,SHANGHAI EXPRESS,mrv_or_finaldata_verified
14,Container Ship,Hapag-Lloyd AG,Germany,Active,2013.0,deepsea,20000,13.0,Hamburg,marine_diesel_deepsea,0.0,0.0,0,0.15,ambiguity_aware_utility,risk_neutral,9612997,ANTWERPEN EXPRESS,mrv_or_finaldata_verified
15,Container Ship,Hapag-Lloyd AG,Germany,Active,2014.0,deepsea,20000,12.0,Hamburg,marine_diesel_deepsea,0.0,0.0,0,0.15,ambiguity_aware_utility,risk_neutral,9613018,LUDWIGSHAFEN EXPRESS,mrv_or_finaldata_verified
16,Container Ship,Hapag-Lloyd AG,Germany,Active,2014.0,deepsea,20000,12.0,Hamburg,marine_diesel_deepsea,0.0,0.0,0,0.15,ambiguity_aware_utility,risk_neutral,9613006,LEVERKUSEN EXPRESS,mrv_or_finaldata_verified
17,Container Ship,Hapag-Lloyd AG,Germany,Active,2012.0,deepsea,20000,14.0,Hamburg,marine_diesel_deepsea,0.0,0.0,0,0.15,ambiguity_aware_utility,risk_neutral,9461051,DORTMUND EXPRESS,mrv_or_finaldata_verified
18,Container Ship,Hapag-Lloyd AG,Germany,Active,2017.0,deepsea,20000,9.0,Hamburg,marine_diesel_deepsea,0.0,0.0,0,0.15,ambiguity_aware_utility,risk_neutral,9777632,SANTOS EXPRESS,mrv_or_finaldata_verified
19,Container Ship,Hapag-Lloyd AG,Germany,Active,2017.0,deepsea,20000,9.0,Hamburg,marine_diesel_deepsea,0.0,0.0,0,0.15,ambiguity_aware_utility,risk_neutral,9777618,CARTAGENA EXPRESS,mrv_or_finaldata_verified
20,Container Ship,Hapag-Lloyd AG,Germany,Active,2017.0,deepsea,20000,9.0,Hamburg,marine_diesel_deepsea,0.0,0.0,0,0.15,ambiguity_aware_utility,risk_neutral,9777620,GUAYAQUIL EXPRESS,mrv_or_finaldata_verified
21,Container Ship,Hapag-Lloyd AG,Germany,Active,2016.0,deepsea,20000,10.0,Hamburg,marine_diesel_deepsea,0.0,0.0,0,0.15,ambiguity_aware_utility,risk_neutral,9777606,CALLAO EXPRESS,mrv_or_finaldata_verified
22,Container Ship,Hapag-Lloyd AG,Germany,Active,2016.0,deepsea,20000,10.0,Hamburg,marine_diesel_deepsea,0.0,0.0,0,0.15,ambiguity_aware_utility,risk_neutral,9777589,VALPARAISO EXPRESS,mrv_or_finaldata_verified
23,Container Ship,Offen Reederei GmbH & Co,Germany,Active,2008.0,deepsea,20000,18.0,Hamburg,marine_diesel_deepsea,0.0,0.0,0,0.15,ambiguity_aware_utility,risk_neutral,9365805,CMA CGM IVANHOE,mrv_or_finaldata_verified
24,Container Ship,Offen Reederei GmbH & Co,Germany,Active,2008.0,deepsea,20000,18.0,Hamburg,marine_diesel_deepsea,0.0,0.0,0,0.15,ambiguity_aware_utility,risk_neutral,9364992,CMA CGM ORFEO,mrv_or_finaldata_verified
25,Container Ship,C-P.Offen,Germany,Active,2005.0,deepsea,20000,21.0,Hamburg,marine_diesel_deepsea,0.0,0.0,0,0.15,ambiguity_aware_utility,risk_neutral,9290567,SANTA LORETTA,mrv_or_finaldata_verified
26,Container Ship,C-P.Offen,Germany,Active,2005.0,deepsea,20000,21.0,Hamburg,marine_diesel_deepsea,0.0,0.0,0,0.15,ambiguity_aware_utility,risk_neutral,9290555,SANTA LINEA,mrv_or_finaldata_verified
27,Container Ship,Hapag-Lloyd AG,Germany,Active,2008.0,deepsea,20000,18.0,Hamburg,marine_diesel_deepsea,0.0,0.0,0,0.15,ambiguity_aware_utility,risk_neutral,9343730,KUALA LUMPUR EXPRESS,mrv_or_finaldata_verified
28,Container Ship,Hapag-Lloyd AG,Germany,Active,2010.0,deepsea,20000,16.0,Hamburg,marine_diesel_deepsea,0.0,0.0,0,0.15,ambiguity_aware_utility,risk_neutral,9450416,VIENNA EXPRESS,mrv_or_finaldata_verified
29,Container Ship,Hapag-Lloyd AG,Germany,Active,2008.0,deepsea,20000,18.0,Hamburg,marine_diesel_deepsea,0.0,0.0,0,0.15,ambiguity_aware_utility,risk_neutral,9343728,BREMEN EXPRESS,mrv_or_finaldata_verified
30,Container Ship,Hapag-Lloyd AG,Germany,Active,2010.0,deepsea,20000,16.0,Hamburg,marine_diesel_deepsea,0.0,0.0,0,0.15,ambiguity_aware_utility,risk_neutral,9450399,PRAGUE EXPRESS,mrv_or_finaldata_verified
31,Container Ship,Hapag-Lloyd AG,Germany,Active,2010.0,deepsea,20000,16.0,Hamburg,marine_diesel_deepsea,0.0,0.0,0,0.15,ambiguity_aware_utility,risk_neutral,9450442,FRANKFURT EXPRESS,mrv_or_finaldata_verified
32,Container Ship,Hapag-Lloyd AG,Germany,Active,2007.0,deepsea,20000,19.0,Hamburg,marine_diesel_deepsea,0.0,0.0,0,0.15,ambiguity_aware_utility,risk_neutral,9320702,TSINGTAO EXPRESS,mrv_or_finaldata_verified
33,Container Ship,Hapag-Lloyd AG,Germany,Active,2010.0,deepsea,20000,16.0,Hamburg,marine_diesel_deepsea,0.0,0.0,0,0.15,ambiguity_aware_utility,risk_neutral,9450430,BUDAPEST EXPRESS,mrv_or_finaldata_verified
34,Container Ship,Hapag-Lloyd AG,Germany,Active,2010.0,deepsea,20000,16.0,Hamburg,marine_diesel_deepsea,0.0,0.0,0,0.15,ambiguity_aware_utility,risk_neutral,9450404,SOFIA EXPRESS,mrv_or_finaldata_verified
35,Container Ship,CPO Cadiz Offen Reederei,Germany,Active,2011.0,deepsea,20000,15.0,Hamburg,marine_diesel_deepsea,0.0,0.0,0,0.15,ambiguity_aware_utility,risk_neutral,9480203,MSC CADIZ,mrv_or_finaldata_verified
36,Container Ship,CPO Vigo Offen Reederei,Germany,Active,2012.0,deepsea,20000,14.0,Hamburg,marine_diesel_deepsea,0.0,0.0,0,0.15,ambiguity_aware_utility,risk_neutral,9480227,MSC VIGO,mrv_or_finaldata_verified
37,Container Ship,Wiking Reederei Tamke GmbH,Germany,Active,2016.0,deepsea,20000,10.0,Hamburg,marine_diesel_deepsea,0.0,0.0,0,0.15,ambiguity_aware_utility,risk_neutral,9708382,WIKING,mrv_or_finaldata_verified
38,Oil Products Tanker,Seapike GmbH & Co KG,Germany,Active,2009.0,regional,14000,17.0,Hamburg,marine_diesel_regional,0.0,0.0,0,0.15,ambiguity_aware_utility,risk_neutral,9423449,SEAPIKE,mrv_or_finaldata_verified
39,General Cargo Ship,Purple Beach Sg GmbH & Co,Germany,Active,1998.0,regional,12000,28.0,Hamburg,marine_diesel_regional,0.0,0.0,0,0.15,ambiguity_aware_utility,risk_neutral,9138135,PURPLE    BEACH,mrv_or_finaldata_verified
40,Oil Products Tanker,"TMS ""Seaconger"" GmbH & Co KG",Germany,Active,2005.0,regional,14000,21.0,Hamburg,marine_diesel_regional,0.0,0.0,0,0.15,ambiguity_aware_utility,risk_neutral,9352298,SEACONGER,mrv_or_finaldata_verified
41,Container Ship,Vasi Moon Sg Co Ltd,Germany,Active,2000.0,regional,20000,26.0,Hamburg,marine_diesel_regional,0.0,0.0,0,0.15,ambiguity_aware_utility,risk_neutral,9216729,SHUI SPIRIT,mrv_or_finaldata_verified
42,Container Ship,"SG ""Hansa Bergen"" GmbH & Co KG",Germany,Active,1998.0,regional,20000,28.0,Hamburg,marine_diesel_regional,0.0,0.0,0,0.15,ambiguity_aware_utility,risk_neutral,9128477,M.V.HANSA BERGEN,mrv_or_finaldata_verified
43,Heavy Load Carrier,HLL Heavy Lift Svenja,Germany,Active,2010.0,regional,16000,16.0,Hamburg,marine_diesel_regional,0.0,0.0,0,0.15,ambiguity_aware_utility,risk_neutral,9458901,SVENJA,mrv_or_finaldata_verified
44,General Cargo Ship,E-Ship 1 GmbH & Co KG,Germany,Active,2010.0,regional,12000,16.0,Hamburg,marine_diesel_regional,0.0,0.0,0,0.15,ambiguity_aware_utility,risk_neutral,9417141,E SHIP 1,mrv_or_finaldata_verified
45,General Cargo Ship,HLL Heavy Lift + Load Project GmbH & Co KG,Germany,Active,2008.0,regional,12000,18.0,Hamburg,marine_diesel_regional,0.0,0.0,0,0.15,ambiguity_aware_utility,risk_neutral,9376490,ANNE-SOFIE,mrv_or_finaldata_verified
46,Container Ship,Rickmers,Germany,Active,1993.0,regional,20000,33.0,Hamburg,marine_diesel_regional,0.0,0.0,0,0.15,ambiguity_aware_utility,risk_neutral,9063976,MARIA RICKMERS,mrv_or_finaldata_verified
47,Container Ship,Vega Scorpio Schifffahrts,Germany,Active,2010.0,regional,20000,16.0,Hamburg,marine_diesel_regional,0.0,0.0,0,0.15,ambiguity_aware_utility,risk_neutral,9491599,MEDKON GEM,mrv_or_finaldata_verified
48,Container Ship,"ms ""Neubau 1179""",Germany,Active,1999.0,regional,20000,27.0,Hamburg,marine_diesel_regional,0.0,0.0,0,0.15,ambiguity_aware_utility,risk_neutral,9188518,CONTAINERSHIPS VI,mrv_or_finaldata_verified
49,Heavy Load Carrier,VestVind II GmbH & Co KG,Germany,Active,2020.0,regional,16000,6.0,Hamburg,marine_diesel_regional,0.0,0.0,0,0.15,ambiguity_aware_utility,risk_neutral,9870018,BOLDWIND,mrv_or_finaldata_verified
50,General Cargo Ship,Steingrund Schiffahrts GmbH,Germany,Active,2011.0,regional,12000,15.0,Hamburg,marine_diesel_regional,0.0,0.0,0,0.15,ambiguity_aware_utility,risk_neutral,9508419,BBC FUJI,mrv_or_finaldata_verified
51,General Cargo Ship,Norddeich Schiffahrts GmbH,Germany,Active,2011.0,regional,12000,15.0,Hamburg,marine_diesel_regional,0.0,0.0,0,0.15,ambiguity_aware_utility,risk_neutral,9508407,BBC EVEREST,mrv_or_finaldata_verified
52,Container Ship,H-P.Wegener,Germany,Active,1994.0,regional,20000,32.0,Hamburg,marine_diesel_regional,0.0,0.0,0,0.15,ambiguity_aware_utility,risk_neutral,9083043,NANTO,mrv_or_finaldata_verified
53,Container Ship,"Reederei Jurgen Ohle KG ms ""Hanni""",Germany,Active,1998.0,regional,20000,28.0,Hamburg,marine_diesel_regional,0.0,0.0,0,0.15,ambiguity_aware_utility,risk_neutral,9188506,HANNI,mrv_or_finaldata_verified
54,General Cargo Ship,"PR ms ""Heike Braren""",Germany,Active,1998.0,regional,12000,28.0,Hamburg,marine_diesel_regional,0.0,0.0,0,0.15,ambiguity_aware_utility,risk_neutral,9173317,CELLUS,mrv_or_finaldata_verified
55,General Cargo Ship,"PR ms ""Timbus""",Germany,Active,1999.0,regional,12000,27.0,Hamburg,marine_diesel_regional,0.0,0.0,0,0.15,ambiguity_aware_utility,risk_neutral,9198680,TIMBUS,mrv_or_finaldata_verified
56,Container Ship,"ms ""Dornbusch"" Jurgen Ohle KG",Germany,Active,1996.0,regional,20000,30.0,Hamburg,marine_diesel_regional,0.0,0.0,0,0.15,ambiguity_aware_utility,risk_neutral,9126211,DORNBUSCH,mrv_or_finaldata_verified
57,General Cargo Ship,R.Braren,Germany,Active,2007.0,regional,12000,19.0,Hamburg,marine_diesel_regional,0.0,0.0,0,0.15,ambiguity_aware_utility,risk_neutral,9347073,ELENE,mrv_or_finaldata_verified
58,General Cargo Ship,Annika Braren GmbH & Co KG,Germany,Active,2020.0,regional,12000,6.0,Hamburg,marine_diesel_regional,0.0,0.0,0,0.15,ambiguity_aware_utility,risk_neutral,9849148,ANNIKA BRAREN,mrv_or_finaldata_verified
59,General Cargo Ship,Karl Meyer Sg International GmbH & Co KG,Germany,Active,2001.0,regional,12000,25.0,Hamburg,marine_diesel_regional,0.0,0.0,0,0.15,ambiguity_aware_utility,risk_neutral,9195743,SVEALAND,mrv_or_finaldata_verified
60,General Cargo Ship,"Reederei Hammann & Prahm GmbH & Co KG ms ""Rebecca Hammann""",Germany,Active,1995.0,regional,12000,31.0,Hamburg,marine_diesel_regional,0.0,0.0,0,0.15,ambiguity_aware_utility,risk_neutral,9119634,JULIA-B,mrv_or_finaldata_verified
61,General Cargo Ship,Noest Sg BV,Germany,Active,1995.0,regional,12000,31.0,Hamburg,marine_diesel_regional,0.0,0.0,0,0.15,ambiguity_aware_utility,risk_neutral,9120102,PAULIN-B,mrv_or_finaldata_verified
62,General Cargo Ship,H.Thordsen,Germany,Active,1985.0,regional,12000,41.0,Hamburg,marine_diesel_regional,0.0,0.0,0,0.15,ambiguity_aware_utility,risk_neutral,8504947,ILKA,mrv_or_finaldata_verified
63,Chemical/Oil Products Tanker,Hans Rinck GmbH & Co KG,Germany,Active,2012.0,regional,12000,14.0,Hamburg,marine_diesel_regional,0.0,0.0,0,0.15,ambiguity_aware_utility,risk_neutral,9628489,ANNIKA,mrv_or_finaldata_verified
64,General Cargo Ship,Marion K GmbH & Co KG,Germany,Active,1981.0,regional,12000,45.0,Hamburg,marine_diesel_regional,0.0,0.0,0,0.15,ambiguity_aware_utility,risk_neutral,8026282,MARION K,mrv_or_finaldata_verified
65,General Cargo Ship,German Govt,Germany,Active,1976.0,regional,12000,50.0,Hamburg,marine_diesel_regional,0.0,0.0,0,0.15,ambiguity_aware_utility,risk_neutral,7427518,RV POSEIDON,mrv_or_finaldata_verified
66,Chemical/Oil Products Tanker,"P/R tms ""Finja""",Germany,Active,2000.0,regional,12000,26.0,Hamburg,marine_diesel_regional,0.0,0.0,0,0.15,ambiguity_aware_utility,risk_neutral,9212345,FINJA,mrv_or_finaldata_verified
67,Oil Products Tanker,BOT Broering Oil Trans GmbH,Germany,Active,1982.0,regional,14000,44.0,Hamburg,marine_diesel_regional,0.0,0.0,0,0.15,ambiguity_aware_utility,risk_neutral,8124503,SIRIUS,mrv_or_finaldata_verified
68,Oil Products Tanker,Harry Stalzus GmbH,Germany,Active,1960.0,regional,14000,66.0,Hamburg,marine_diesel_regional,0.0,0.0,0,0.15,ambiguity_aware_utility,risk_neutral,5126512,TRAVETANK,mrv_or_finaldata_verified
69,Oil Products Tanker,Broring Feuerschutztechnik GmbH,Germany,Active,1966.0,regional,14000,60.0,Hamburg,marine_diesel_regional,0.0,0.0,0,0.15,ambiguity_aware_utility,risk_neutral,6620149,TAURUS,mrv_or_finaldata_verified
70,Container Ship,Hapag-Lloyd AG,Germany,Active,2022.0,deepsea,20000,4.0,Hamburg,marine_diesel_deepsea,0.0,0.0,0,0.15,ambiguity_aware_utility,risk_neutral,9508902,RIO DE JANEIRO EXPRESS,mrv_or_finaldata_verified
71,Oil Products Tanker,"TMS "" Seacod"" GmbH & Co KG",Germany,Active,2006.0,regional,14000,20.0,Hamburg,marine_diesel_regional,0.0,0.0,0,0.15,ambiguity_aware_utility,risk_neutral,9352315,SEACOD,mrv_or_finaldata_verified
72,Oil Products Tanker,"TMS ""Seasprat"" GmbH & Co. KG",Germany,Active,2007.0,regional,14000,19.0,Hamburg,marine_diesel_regional,0.0,0.0,0,0.15,ambiguity_aware_utility,risk_neutral,9380477,SEASPRAT,mrv_or_finaldata_verified
73,General Cargo Ship,SAL Heavy Lift GmbH & Co. KG,Germany,Active,2004.0,regional,12000,22.0,Hamburg,marine_diesel_regional,0.0,0.0,0,0.15,ambiguity_aware_utility,risk_neutral,9266566,MARIA,mrv_or_finaldata_verified
74,Container Ship,Vitamodo Scheepsbeheer BV,Germany,Active,1996.0,regional,20000,30.0,Hamburg,marine_diesel_regional,0.0,0.0,0,0.15,ambiguity_aware_utility,risk_neutral,9141118,VM VITA,mrv_or_finaldata_verified
75,Container Ship,Hapag-Lloyd AG,Germany,Active,2010,deepsea,20000,16.0,Hamburg,biofuel_deepsea,0.0,0.0,0,0.15,ambiguity_aware_utility,risk_neutral,9540144,BUSAN EXPRESS,mrv_or_finaldata_verified
76,Container Ship,Hapag-Lloyd AG,Germany,Active,2010,deepsea,20000,16.0,Hamburg,biofuel_deepsea,0.0,0.0,0,0.15,ambiguity_aware_utility,risk_neutral,9540132,HANOI EXPRESS,mrv_or_finaldata_verified
77,Container Ship,Hapag-Lloyd AG,Germany,Active,2010,deepsea,20000,16.0,Hamburg,biofuel_deepsea,0.0,0.0,0,0.15,ambiguity_aware_utility,risk_neutral,9540120,MANILA EXPRESS,mrv_or_finaldata_verified
78,Container Ship,Hapag-Lloyd AG,Germany,Active,2010,deepsea,20000,16.0,Hamburg,marine_diesel_deepsea,0.0,0.0,0,0.15,ambiguity_aware_utility,risk_neutral,9708813,AL NEFUD,mrv_or_finaldata_verified
79,Container Ship,Hapag-Lloyd AG,Germany,Active,2010,deepsea,20000,16.0,Hamburg,marine_diesel_deepsea,0.0,0.0,0,0.15,ambiguity_aware_utility,risk_neutral,9708825,AL DAHNA EXPRESS,mrv_or_finaldata_verified
80,Container Ship,Hapag-Lloyd AG,Germany,Active,2010,deepsea,20000,16.0,Hamburg,marine_diesel_deepsea,0.0,0.0,0,0.15,ambiguity_aware_utility,risk_neutral,9708875,AL ZUBARA,mrv_or_finaldata_verified
81,Container Ship,Hapag-Lloyd AG,Germany,Active,2010,deepsea,20000,16.0,Hamburg,marine_diesel_deepsea,0.0,0.0,0,0.15,ambiguity_aware_utility,risk_neutral,9708863,AL MURAYKH,mrv_or_finaldata_verified
82,Container Ship,Hapag-Lloyd AG,Germany,Active,2010,deepsea,20000,16.0,Hamburg,marine_diesel_deepsea,0.0,0.0,0,0.15,ambiguity_aware_utility,risk_neutral,9736107,TIHAMA,mrv_or_finaldata_verified
83,Container Ship,Hapag-Lloyd AG,Germany,Active,2010,deepsea,20000,16.0,Hamburg,marine_diesel_deepsea,0.0,0.0,0,0.15,ambiguity_aware_utility,risk_neutral,9732345,AFIF,mrv_or_finaldata_verified
84,Container Ship,Hapag-Lloyd AG,Germany,Active,2010,deepsea,20000,16.0,Hamburg,marine_diesel_deepsea,0.0,0.0,0,0.15,ambiguity_aware_utility,risk_neutral,9932476,BUENOS AIRES EXPRESS,pattern_inferred_operator
85,Container Ship,Hammonia V Schiffahrts GmbH & Co KG,Germany,Active,2007.0,regional,20000,19.0,Hamburg,marine_diesel_regional,0.0,0.0,0,0.15,ambiguity_aware_utility,risk_neutral,9336189,MSC CHIQUITA III,mrv_or_finaldata_verified
86,Container Ship,Hapag-Lloyd AG,Germany,Active,2010,deepsea,20000,16.0,Hamburg,biofuel_deepsea,0.0,0.0,0,0.15,ambiguity_aware_utility,risk_neutral,9543093,SINGAPORE EXPRESS,mrv_or_finaldata_verified
87,Container Ship,Hapag-Lloyd AG,Germany,Active,2010,deepsea,20000,16.0,Hamburg,biofuel_deepsea,0.0,0.0,0,0.15,ambiguity_aware_utility,risk_neutral,9943889,BANGKOK EXPRESS,pattern_inferred_operator
88,Container Ship,Hapag-Lloyd AG,Germany,Active,2010,deepsea,20000,16.0,Hamburg,biofuel_deepsea,0.0,0.0,0,0.15,ambiguity_aware_utility,risk_neutral,9943865,HAMBURG EXPRESS,mrv_or_finaldata_verified
89,Container Ship,Hapag-Lloyd AG,Germany,Active,2010,deepsea,20000,16.0,Hamburg,biofuel_deepsea,0.0,0.0,0,0.15,ambiguity_aware_utility,risk_neutral,9943877,GDANSK EXPRESS,mrv_or_finaldata_verified
90,General Cargo Ship,MS Millerntor Schifffahrts GmbH & Co. KG,Germany,Active,2003.0,regional,12000,23.0,Hamburg,marine_diesel_regional,0.0,0.0,0,0.15,ambiguity_aware_utility,risk_neutral,9265665,MILLERNTOR,mrv_or_finaldata_verified
91,General Cargo Ship,Karl Meyer Shipping International GmbH & Co. KG,Germany,Active,1999.0,regional,12000,27.0,Hamburg,marine_diesel_regional,0.0,0.0,0,0.15,ambiguity_aware_utility,risk_neutral,9196254,VAERMLAND,mrv_or_finaldata_verified
92,General Cargo Ship,BAT Schifffahrt GmbH & Co. KG,Germany,Active,2000.0,regional,12000,26.0,Hamburg,marine_diesel_regional,0.0,0.0,0,0.15,ambiguity_aware_utility,risk_neutral,9196266,ANOUK,mrv_or_finaldata_verified
93,General Cargo Ship,BAT Schifffahrt GmbH & Co. KG,Germany,Active,2000.0,regional,12000,26.0,Hamburg,marine_diesel_regional,0.0,0.0,0,0.15,ambiguity_aware_utility,risk_neutral,9218222,HENRIKE,mrv_or_finaldata_verified
94,General Cargo Ship,Partenreederei M/S FREDO,Germany,Active,1985.0,regional,12000,41.0,Hamburg,marine_diesel_regional,0.0,0.0,0,0.15,ambiguity_aware_utility,risk_neutral,8504208,FREDO,mrv_or_finaldata_verified
95,General Cargo Ship,BAT Schifffahrt GmbH & Co. KG,Germany,Active,1989.0,regional,12000,37.0,Hamburg,marine_diesel_regional,0.0,0.0,0,0.15,ambiguity_aware_utility,risk_neutral,8905115,MAIKE,mrv_or_finaldata_verified
96,General Cargo Ship,Sophie-B Schifffahrts GmbH & Co. KG,Germany,Active,1995.0,regional,12000,31.0,Hamburg,marine_diesel_regional,0.0,0.0,0,0.15,ambiguity_aware_utility,risk_neutral,9119622,SARAH-B,mrv_or_finaldata_verified
97,General Cargo Ship,GBS-Shipmanagement GmbH & Co. KG,Germany,Active,1986.0,regional,12000,40.0,Hamburg,marine_diesel_regional,0.0,0.0,0,0.15,ambiguity_aware_utility,risk_neutral,8511029,SIMON B,mrv_or_finaldata_verified
98,General Cargo Ship,Karl Meyer & Prahm Reederei GmbH & Co. KG,Germany,Active,1994.0,regional,12000,32.0,Hamburg,marine_diesel_regional,0.0,0.0,0,0.15,ambiguity_aware_utility,risk_neutral,9100059,SELENE PRAHM,mrv_or_finaldata_verified
99,General Cargo Ship,GBS-Shipmanagement GmbH & Co. KG,Germany,Active,1990.0,regional,12000,36.0,Hamburg,marine_diesel_regional,0.0,0.0,0,0.15,ambiguity_aware_utility,risk_neutral,8919221,ANTONIA B,mrv_or_finaldata_verified
100,General Cargo Ship,GBS-Shipmanagement GmbH & Co. KG,Germany,Active,1985.0,regional,12000,41.0,Hamburg,marine_diesel_regional,0.0,0.0,0,0.15,ambiguity_aware_utility,risk_neutral,8505927,ANITA HAGEDORN,mrv_or_finaldata_verified
101,General Cargo Ship,Project-B GmbH & Co. KG,Germany,Active,1997,regional,12000,29.0,Hamburg,marine_diesel_regional,0.0,0.0,0,0.15,ambiguity_aware_utility,risk_neutral,9066045,LUNA-B,mrv_or_finaldata_verified
102,General Cargo Ship,COE 2 SEA Carrier GmbH & Co. KG,Germany,Active,1985.0,regional,12000,41.0,Hamburg,marine_diesel_regional,0.0,0.0,0,0.15,ambiguity_aware_utility,risk_neutral,8513314,COE GISELA,mrv_or_finaldata_verified
103,General Cargo Ship,"MS ""Mieke"" Schiffahrts GmbH & Co. KG",Germany,Active,1997,regional,12000,29.0,Hamburg,marine_diesel_regional,0.0,0.0,0,0.15,ambiguity_aware_utility,risk_neutral,8912481,COE MIEKE,mrv_or_finaldata_verified
104,General Cargo Ship,MS Mangen GmbH & Co. KG,Germany,Active,1997,regional,12000,29.0,Hamburg,marine_diesel_regional,0.0,0.0,0,0.15,ambiguity_aware_utility,risk_neutral,9923308,MANGEN,mrv_or_finaldata_verified
105,General Cargo Ship,M/S Unden GmbH & Co. KG,Germany,Active,1997,regional,12000,29.0,Hamburg,marine_diesel_regional,0.0,0.0,0,0.15,ambiguity_aware_utility,risk_neutral,9961910,UNDEN,mrv_or_finaldata_verified
106,General Cargo Ship,Karl Meyer Shipping International GmbH & Co. KG,Germany,Active,1997.0,regional,12000,29.0,Hamburg,marine_diesel_regional,0.0,0.0,0,0.15,ambiguity_aware_utility,risk_neutral,9142497,MS JUTLAND,mrv_or_finaldata_verified
107,General Cargo Ship,BAT Agrar GmbH & Co. KG,Germany,Active,1997,regional,12000,29.0,Hamburg,marine_diesel_regional,0.0,0.0,0,0.15,ambiguity_aware_utility,risk_neutral,9115896,KLARA,mrv_or_finaldata_verified
108,General Cargo Ship,GBS-Shipmanagement GmbH & Co. KG,Germany,Active,1997,regional,12000,29.0,Hamburg,marine_diesel_regional,0.0,0.0,0,0.15,ambiguity_aware_utility,risk_neutral,9137301,ERNST HAGEDORN,mrv_or_finaldata_verified
109,General Cargo Ship,MS Michael Braren GmbH & Co. KG,Germany,Active,2012.0,regional,12000,14.0,Hamburg,marine_diesel_regional,0.0,0.0,0,0.15,ambiguity_aware_utility,risk_neutral,9366160,UNILURIO,mrv_or_finaldata_verified
110,General Cargo Ship,MS St Pauli GmbH & Co. KG,Germany,Active,1997,regional,12000,29.0,Hamburg,marine_diesel_regional,0.0,0.0,0,0.15,ambiguity_aware_utility,risk_neutral,9166467,ST. PAULI 2,mrv_or_finaldata_verified
111,General Cargo Ship,Ute B GmbH & Co. KG,Germany,Active,1997,regional,12000,29.0,Hamburg,marine_diesel_regional,0.0,0.0,0,0.15,ambiguity_aware_utility,risk_neutral,9968255,NOREN,mrv_or_finaldata_verified
112,Oil Products Tanker,"TMS ""SEALING"" GmbH & Co KG",Germany,Active,2003.0,regional,14000,23.0,Hamburg,marine_diesel_regional,0.0,0.0,0,0.15,ambiguity_aware_utility,risk_neutral,9251652,SEALING,mrv_or_finaldata_verified
113,Oil Products Tanker,"TMS ""SEASHARK"" GmbH & CO. KG",Germany,Active,2004.0,regional,14000,22.0,Hamburg,marine_diesel_regional,0.0,0.0,0,0.15,ambiguity_aware_utility,risk_neutral,9298193,SEASHARK,mrv_or_finaldata_verified
114,Oil Products Tanker,"TMS ""SEATROUT"" GmbH & CO. KG",Germany,Active,2006.0,regional,14000,20.0,Hamburg,marine_diesel_regional,0.0,0.0,0,0.15,ambiguity_aware_utility,risk_neutral,9352303,SEATROUT,mrv_or_finaldata_verified
115,Oil Products Tanker,German Tanker Shipping GmbH,Germany,Active,2007.0,regional,14000,19.0,Hamburg,marine_diesel_regional,0.0,0.0,0,0.15,ambiguity_aware_utility,risk_neutral,9380489,SEAMARLIN,mrv_or_finaldata_verified
116,Oil Products Tanker,B.O.T. - Broering Oil Transport GmbH,Germany,Active,2003.0,regional,14000,23.0,Hamburg,marine_diesel_regional,0.0,0.0,0,0.15,ambiguity_aware_utility,risk_neutral,9280110,CAPELLA,mrv_or_finaldata_verified
117,Oil Products Tanker,Cuxhavener Mineraloel GmbH,Germany,Active,1965.0,regional,14000,61.0,Hamburg,marine_diesel_regional,0.0,0.0,0,0.15,ambiguity_aware_utility,risk_neutral,6605694,ANITA,mrv_or_finaldata_verified
118,General Cargo Ship,EMS Shipmanagement GmbH & Co. KG,Germany,Active,1995.0,regional,12000,31.0,Hamburg,marine_diesel_regional,0.0,0.0,0,0.15,ambiguity_aware_utility,risk_neutral,9113599,MIA SOPHIE-B,mrv_or_finaldata_verified
119,General Cargo Ship,Karl Meyer Shipping International GmbH & Co. KG,Germany,Active,1995.0,regional,12000,31.0,Hamburg,marine_diesel_regional,0.0,0.0,0,0.15,ambiguity_aware_utility,risk_neutral,9117959,NEULAND,mrv_or_finaldata_verified
120,General Cargo Ship,Karl Meyer Shipping International GmbH & Co. KG,Germany,Active,1996.0,regional,12000,30.0,Hamburg,marine_diesel_regional,0.0,0.0,0,0.15,ambiguity_aware_utility,risk_neutral,9147459,ALAND,mrv_or_finaldata_verified
121,General Cargo Ship,Karl Meyer Shipping International GmbH & Co. KG,Germany,Active,2001.0,regional,12000,25.0,Hamburg,marine_diesel_regional,0.0,0.0,0,0.15,ambiguity_aware_utility,risk_neutral,9228930,SEELAND,mrv_or_finaldata_verified
122,General Cargo Ship,Karl Meyer Shipping International GmbH & Co. KG,Germany,Active,2012.0,regional,12000,14.0,Hamburg,marine_diesel_regional,0.0,0.0,0,0.15,ambiguity_aware_utility,risk_neutral,9411824,GOTLAND,mrv_or_finaldata_verified
123,General Cargo Ship,Briese Schiffahrts GmbH & Co. KG MS Ostermoor,Germany,Active,2008.0,regional,12000,18.0,Hamburg,marine_diesel_regional,0.0,0.0,0,0.15,ambiguity_aware_utility,risk_neutral,9433315,BBC SWITZERLAND,mrv_or_finaldata_verified
124,Oil Products Tanker,German Tanker Shipping GmbH,Germany,Active,2004.0,regional,14000,22.0,Hamburg,marine_diesel_regional,0.0,0.0,0,0.15,ambiguity_aware_utility,risk_neutral,9255490,SEARAY,mrv_or_finaldata_verified
125,Oil Products Tanker,German Tanker Shipping,Germany,Active,2003.0,regional,14000,23.0,Hamburg,marine_diesel_regional,0.0,0.0,0,0.15,ambiguity_aware_utility,risk_neutral,9255488,SEAHAKE,mrv_or_finaldata_verified
126,General Cargo Ship,Karl Meyer Reederei GmbH & Co,Germany,Active,1964.0,regional,12000,62.0,Hamburg,marine_diesel_regional,0.0,0.0,0,0.15,ambiguity_aware_utility,risk_neutral,6417657,HELGOLAND,mrv_or_finaldata_verified
127,Heavy Load Carrier,SAL Fleetholding I UG (haftungsbeschrankt) & Co. KG,Germany,Active,2000.0,regional,16000,26.0,Hamburg,marine_diesel_regional,0.0,0.0,0,0.15,ambiguity_aware_utility,risk_neutral,9197478,WIEBKE,mrv_or_finaldata_verified
128,Heavy Load Carrier,SAL Shipping UG (haftungsbeschrankt) & Co. KG MS “TRINA”,Germany,Active,2008.0,regional,16000,18.0,Hamburg,marine_diesel_regional,0.0,0.0,0,0.15,ambiguity_aware_utility,risk_neutral,9376505,TRINA,mrv_or_finaldata_verified
129,Heavy Load Carrier,SAL Shipping UG (haftungsbeschrankt) & Co. KG MS “REGINE”,Germany,Active,2009.0,regional,16000,17.0,Hamburg,marine_diesel_regional,0.0,0.0,0,0.15,ambiguity_aware_utility,risk_neutral,9393242,REGINE,mrv_or_finaldata_verified
130,General Cargo Ship,Christian Isernhagen Reederei,Germany,Active,1955.0,regional,12000,71.0,Hamburg,marine_diesel_regional,0.0,0.0,0,0.15,ambiguity_aware_utility,risk_neutral,5367685,BJORN M,mrv_or_finaldata_verified
131,General Cargo Ship,Christiansen J.,Germany,Active,1994.0,regional,12000,32.0,Hamburg,marine_diesel_regional,0.0,0.0,0,0.15,ambiguity_aware_utility,risk_neutral,9112454,CATJAN,mrv_or_finaldata_verified
