ID,Aircraft Type,Operator,Operator Country,Status,Build Date,Build Country,First Customer Delivery Date,Delivery Date Operator,Nr. of Engines,Engine Manufacturer,Engine Type,Config (Pax/Con),Seat Total,Haul,Range (km),Age (Years),Main Hub,current_technology,operator_economic_weight,operator_environmental_weight,free_ets_allocation,peer_influence,investment_logic,decision_attitude,registration,icao24,annual_flights_base,annual_distance_km_base,mean_stage_length_km_base,fuel_burn_per_year_base,baseline_energy_demand,data_source
1,B77L,AeroLogic,Germany,Active,2009-04-01,United States,2009-05-01,2009-05-01,2.0,GE-Aviation,GE90,Cargo,0.0,Long-haul,9070.0,13.7,Leipzig,kerosene_freight_long,0.0,0.0,0,0.15,ambiguity_aware_utility,risk_neutral,D-AALA,3c4581,363,2130120.0549012027,5868.099324796702,26651561.18939615,318338091.98445404,bulk_matched
2,B77L,AeroLogic,Germany,Active,2009-06-01,United States,2009-07-01,2009-07-01,2.0,GE-Aviation,GE90,Cargo,0.0,Long-haul,9070.0,13.6,Leipzig,kerosene_freight_long,0.0,0.0,0,0.15,ambiguity_aware_utility,risk_neutral,D-AALB,3c4582,345,1885013.2258717115,5463.806451802062,23722466.06300086,283351677.9747325,bulk_matched
3,B77L,AeroLogic,Germany,Active,2022-01-01,,,,,,,,0.0,Long-haul,9070.0,3.8,Leipzig,kerosene_freight_long,0.0,0.0,0,0.15,ambiguity_aware_utility,risk_neutral,D-AALC,3c4583,368,2003648.8781361813,5444.698038413536,25162570.01945223,300552919.67679054,type_median_fallback
4,B77L,AeroLogic,Germany,Active,2022-01-01,,,,,,,,0.0,Long-haul,9070.0,3.8,Leipzig,kerosene_freight_long,0.0,0.0,0,0.15,ambiguity_aware_utility,risk_neutral,D-AALD,3c4584,397,2246354.9367371667,5658.324777675483,28196589.589157306,336792597.87049,type_median_fallback
5,B77L,AeroLogic,Germany,Active,2010-05-01,United States,2010-06-01,2010-06-01,2.0,GE-Aviation,GE90,Cargo,0.0,Long-haul,9070.0,12.7,Leipzig,kerosene_freight_long,0.0,0.0,0,0.15,ambiguity_aware_utility,risk_neutral,D-AALE,3c4585,409,2344714.569805026,5732.798459180993,29267806.87279655,349587693.2028477,bulk_matched
6,B77L,AeroLogic,Germany,Active,2010-06-01,United States,2010-07-01,2010-07-01,2.0,GE-Aviation,GE90,Cargo,0.0,Long-haul,9070.0,12.6,Leipzig,kerosene_freight_long,0.0,0.0,0,0.15,ambiguity_aware_utility,risk_neutral,D-AALF,3c4586,379,2140168.4460660666,5646.882443446086,27006777.98752305,322580959.2954142,bulk_matched
7,B77L,AeroLogic,Germany,Active,2010-09-01,United States,2010-09-01,2010-09-01,2.0,GE-Aviation,GE90,Cargo,0.0,Long-haul,9070.0,12.3,Leipzig,kerosene_freight_long,0.0,0.0,0,0.15,ambiguity_aware_utility,risk_neutral,D-AALG,3c4587,375,2164381.799867747,5771.684799647325,27082458.70008143,323484923.3620838,bulk_matched
8,B77L,AeroLogic,Germany,Active,2010-11-01,United States,2010-11-01,2010-11-01,2.0,GE-Aviation,GE90,Cargo,0.0,Long-haul,9070.0,12.2,Leipzig,kerosene_freight_long,0.0,0.0,0,0.15,ambiguity_aware_utility,risk_neutral,D-AALH,3c4588,389,2262473.9292716663,5816.128352883461,28087064.42668292,335484380.652046,bulk_matched
9,B77L,AeroLogic,Germany,Active,2022-01-01,,,,,,,,0.0,Long-haul,9070.0,3.8,Leipzig,kerosene_freight_long,0.0,0.0,0,0.15,ambiguity_aware_utility,risk_neutral,D-AALI,3c4589,360,2057811.817566145,5716.143937683736,26052798.73615864,311186207.1263393,type_median_fallback
10,B77L,AeroLogic,Germany,Active,2022-01-01,,,,,,,,0.0,Long-haul,9070.0,3.8,Leipzig,kerosene_freight_long,0.0,0.0,0,0.15,ambiguity_aware_utility,risk_neutral,D-AALJ,3c458a,347,2033623.5002359147,5860.586456011281,25330155.06189921,302554629.9060184,type_median_fallback
11,B77L,AeroLogic,Germany,Active,2019-01-01,United States,2019-01-01,2019-01-01,2.0,GE-Aviation,GE90,Cargo,0.0,Long-haul,9070.0,4.0,Leipzig,kerosene_freight_long,0.0,0.0,0,0.15,ambiguity_aware_utility,risk_neutral,D-AALK,3c458b,360,2109406.0263295155,5859.461184248654,26265102.20870137,313722054.1594886,bulk_matched
12,B77L,AeroLogic,Germany,Active,2022-01-01,,,,,,,,0.0,Long-haul,9070.0,3.8,Leipzig,kerosene_freight_long,0.0,0.0,0,0.15,ambiguity_aware_utility,risk_neutral,D-AALL,3c458c,374,2184047.828755858,5839.70007688732,27182951.680576727,324685256.1846665,type_median_fallback
13,B77L,AeroLogic,Germany,Active,2022-01-01,,,,,,,,0.0,Long-haul,9070.0,3.8,Leipzig,kerosene_freight_long,0.0,0.0,0,0.15,ambiguity_aware_utility,risk_neutral,D-AALM,3c458d,386,2273835.4535787683,5890.765423779192,28287737.05958742,337881303.76729417,type_median_fallback
14,B77L,AeroLogic,Germany,Active,2019-10-01,United States,2019-10-01,2019-10-01,2.0,GE-Aviation,GE90,Cargo,0.0,Long-haul,9070.0,3.3,Leipzig,kerosene_freight_long,0.0,0.0,0,0.15,ambiguity_aware_utility,risk_neutral,D-AALN,3c458e,408,2305315.168214619,5650.282275035831,28991370.422922835,346285813.38491166,bulk_matched
15,B77L,AeroLogic,Germany,Active,2022-01-01,,,,,,,,0.0,Long-haul,9070.0,3.8,Leipzig,kerosene_freight_long,0.0,0.0,0,0.15,ambiguity_aware_utility,risk_neutral,D-AALO,3c458f,395,2332365.79562368,5904.723533224505,29111490.29940065,347720578.57617444,type_median_fallback
16,B77L,AeroLogic,Germany,Active,2022-01-01,,,,,,,,0.0,Long-haul,9070.0,3.8,Leipzig,kerosene_freight_long,0.0,0.0,0,0.15,ambiguity_aware_utility,risk_neutral,D-AALP,3c4590,380,2294225.1674285475,6037.434651127756,28588128.339042336,341469310.716339,type_median_fallback
17,B77L,AeroLogic,Germany,Active,2022-01-01,,,,,,,,0.0,Long-haul,9070.0,3.8,Leipzig,kerosene_freight_long,0.0,0.0,0,0.15,ambiguity_aware_utility,risk_neutral,D-AALQ,3c4591,390,2299058.502916199,5895.021802349229,28803792.929516565,344045304.43589234,type_median_fallback
18,B77L,AeroLogic,Germany,Active,2022-01-01,,,,,,,,0.0,Long-haul,9070.0,3.8,Leipzig,kerosene_freight_long,0.0,0.0,0,0.15,ambiguity_aware_utility,risk_neutral,D-AALR,3c4592,380,2185005.059989681,5750.013315762319,27731615.285114568,331238738.1277574,type_median_fallback
19,B77L,AeroLogic,Germany,Active,2022-01-01,,,,,,,,0.0,Long-haul,9070.0,3.8,Leipzig,kerosene_freight_long,0.0,0.0,0,0.15,ambiguity_aware_utility,risk_neutral,D-AALS,3c4593,361,2176925.5084363827,6030.264566305769,27097915.65445636,323669548.0948954,type_median_fallback
20,B77L,AeroLogic,Germany,Active,2022-01-01,,,,,,,,0.0,Long-haul,9070.0,3.8,Leipzig,kerosene_freight_long,0.0,0.0,0,0.15,ambiguity_aware_utility,risk_neutral,D-AALT,3c4594,391,2272994.934658907,5813.286277900018,28783511.530942254,343803054.3973658,type_median_fallback
21,B77L,AeroLogic,Germany,Active,2022-01-01,,,,,,,,0.0,Long-haul,9070.0,3.8,Leipzig,kerosene_freight_long,0.0,0.0,0,0.15,ambiguity_aware_utility,risk_neutral,D-AALU,3c4595,372,2134809.0070874523,5738.733890020033,26696891.369854603,318879535.8065967,type_median_fallback
22,B77L,AeroLogic,Germany,Active,2023-01-01,,,,,,,,0.0,Long-haul,9070.0,3.0,Leipzig,kerosene_freight_long,0.0,0.0,0,0.15,ambiguity_aware_utility,risk_neutral,D-AALV,3c4596,383,2216382.206021624,5786.898710239227,27852921.23710712,332687670.3321128,type_median_fallback
23,B77L,AeroLogic,Germany,Active,2025-01-01,,,,,,,,0.0,Long-haul,9070.0,1.0,Leipzig,kerosene_freight_long,0.0,0.0,0,0.15,ambiguity_aware_utility,risk_neutral,D-AALW,3c4597,400,2169210.8356222594,5423.0270890556485,27380650.82338048,327046662.6126002,type_median_fallback
24,B77L,AeroLogic,Germany,Active,2025-01-01,,,,,,,,0.0,Long-haul,9070.0,1.0,Leipzig,kerosene_freight_long,0.0,0.0,0,0.15,ambiguity_aware_utility,risk_neutral,D-AALX,3c4598,406,2428769.980193357,5982.192069441766,30020907.60221391,358583063.026444,type_median_fallback
25,B77L,AeroLogic,Germany,Active,2025-01-01,,,,,,,,0.0,Long-haul,9070.0,1.0,Leipzig,kerosene_freight_long,0.0,0.0,0,0.15,ambiguity_aware_utility,risk_neutral,D-AALY,3c4599,387,2340011.8714841623,6046.542303576647,29221357.13495712,349032876.8897655,type_median_fallback
26,B77L,AeroLogic,Germany,Active,2025-01-01,,,,,,,,0.0,Long-haul,9070.0,1.0,Leipzig,kerosene_freight_long,0.0,0.0,0,0.15,ambiguity_aware_utility,risk_neutral,D-AALZ,3c459a,383,2320283.43426245,6058.18129050248,29124714.82354714,347878538.1701464,type_median_fallback
94,A333,DHL,Germany,Active,2010-03-01,France,2010-04-01,2021-05-01,2.0,Rolls-Royce,RR Trent 700,Cargo,0.0,Long-haul,11750.0,12.8,Leipzig,kerosene_freight_medium,0.0,0.0,0,0.15,ambiguity_aware_utility,risk_neutral,D-ACVG,3c4ec7,352,1375139.9753892953,3906.647657355953,9991978.860596398,119348636.39045696,bulk_matched
95,A306,DHL,Germany,Active,1996-01-01,,,,,,,,0.0,Medium-haul,7500.0,30.0,Leipzig,kerosene_freight_medium,0.0,0.0,0,0.15,ambiguity_aware_utility,risk_neutral,D-AEAA,3c5421,409,349409.9811465026,854.303132387537,1884146.439687314,22505082.474042915,type_median_fallback
96,A306,DHL,Germany,Active,1996-01-01,,,,,,,,0.0,Medium-haul,7500.0,30.0,Leipzig,kerosene_freight_medium,0.0,0.0,0,0.15,ambiguity_aware_utility,risk_neutral,D-AEAB,3c5422,593,591415.0570596751,997.327246306366,3151582.8653201465,37643906.446879536,type_median_fallback
97,A306,DHL,Germany,Active,1996-01-01,,,,,,,,0.0,Medium-haul,7500.0,30.0,Leipzig,kerosene_freight_medium,0.0,0.0,0,0.15,ambiguity_aware_utility,risk_neutral,D-AEAC,3c5423,547,458070.5456045276,837.4233009223539,2471063.5084347487,29515480.79519284,type_median_fallback
98,A306,DHL,Germany,Active,1996-01-01,,,,,,,,0.0,Medium-haul,7500.0,30.0,Leipzig,kerosene_freight_medium,0.0,0.0,0,0.15,ambiguity_aware_utility,risk_neutral,D-AEAD,3c5424,531,410887.3266292722,773.7991085297028,2221362.731076319,26532943.732300483,type_median_fallback
99,A306,DHL,Germany,Active,1995-03-01,France,1996-05-01,2012-10-01,2.0,Pratt & Whitney,PW4000,Cargo,0.0,Long-haul,7500.0,27.9,Leipzig,kerosene_freight_medium,0.0,0.0,0,0.15,ambiguity_aware_utility,risk_neutral,D-AEAE,3c5425,447,408989.12926056026,914.9644949900676,2189585.547081548,26153382.92347404,bulk_matched
100,A306,DHL,Germany,Active,1996-01-01,,,,,,,,0.0,Medium-haul,7500.0,30.0,Leipzig,kerosene_freight_medium,0.0,0.0,0,0.15,ambiguity_aware_utility,risk_neutral,D-AEAF,3c5426,618,668405.1451140724,1081.561723485554,3552962.043469352,42438157.74143949,type_median_fallback
101,A306,DHL,Germany,Active,1996-01-01,,,,,,,,0.0,Medium-haul,7500.0,30.0,Leipzig,kerosene_freight_medium,0.0,0.0,0,0.15,ambiguity_aware_utility,risk_neutral,D-AEAH,3c5428,546,507672.8315255933,929.8037207428448,2718877.842059184,32475485.33570692,type_median_fallback
102,A306,DHL,Germany,Active,1998-01-01,France,1998-05-01,2013-02-01,2.0,Pratt & Whitney,PW4000,Cargo,0.0,Long-haul,7500.0,25.1,Leipzig,kerosene_freight_medium,0.0,0.0,0,0.15,ambiguity_aware_utility,risk_neutral,D-AEAI,3c5429,586,481550.6961750976,821.7588671929992,2599579.676582624,31050535.025848,bulk_matched
103,A306,DHL,Germany,Active,1996-01-01,,,,,,,,0.0,Medium-haul,7500.0,30.0,Leipzig,kerosene_freight_medium,0.0,0.0,0,0.15,ambiguity_aware_utility,risk_neutral,D-AEAJ,3c542a,586,479343.4563688534,817.9922463632311,2586097.5194909456,30889498.149475183,type_median_fallback
104,A306,DHL,Germany,Active,1996-01-01,,,,,,,,0.0,Medium-haul,7500.0,30.0,Leipzig,kerosene_freight_medium,0.0,0.0,0,0.15,ambiguity_aware_utility,risk_neutral,D-AEAK,3c542b,511,441882.7603845256,864.7412140597371,2380849.0939490963,28437919.733280875,type_median_fallback
105,A306,DHL,Germany,Active,1996-01-01,,,,,,,,0.0,Medium-haul,7500.0,30.0,Leipzig,kerosene_freight_medium,0.0,0.0,0,0.15,ambiguity_aware_utility,risk_neutral,D-AEAL,3c542c,511,432003.4499175572,845.4079254746716,2328998.9615632,27818598.70756045,type_median_fallback
106,A306,DHL,Germany,Active,1996-01-01,,,,,,,,0.0,Medium-haul,7500.0,30.0,Leipzig,kerosene_freight_medium,0.0,0.0,0,0.15,ambiguity_aware_utility,risk_neutral,D-AEAM,3c542d,598,544579.8538708594,910.6686519579588,2918723.841887094,34862534.77809585,type_median_fallback
107,A306,DHL,Germany,Active,1996-01-01,,,,,,,,0.0,Medium-haul,7500.0,30.0,Leipzig,kerosene_freight_medium,0.0,0.0,0,0.15,ambiguity_aware_utility,risk_neutral,D-AEAN,3c542e,507,389597.0841977016,768.4360635063147,2107351.1470585465,25171138.700977087,type_median_fallback
108,A306,DHL,Germany,Active,1993-09-01,France,1993-12-01,2011-10-01,2.0,Pratt & Whitney,PW4000,Cargo,0.0,Long-haul,7500.0,29.4,Leipzig,kerosene_freight_medium,0.0,0.0,0,0.15,ambiguity_aware_utility,risk_neutral,D-AEAO,3c542f,462,387392.5045591392,838.5119146301713,2091247.4272264687,24978788.71409394,bulk_matched
109,A306,DHL,Germany,Active,1994-03-01,France,1995-04-01,2012-02-01,2.0,Pratt & Whitney,PW4000,Cargo,0.0,Long-haul,7500.0,28.9,Leipzig,kerosene_freight_medium,0.0,0.0,0,0.15,ambiguity_aware_utility,risk_neutral,D-AEAP,3c5430,519,445434.64805215993,858.2555839155298,2398520.3956029583,28648993.61414645,bulk_matched
110,A306,DHL,Germany,Active,1996-01-01,,,,,,,,0.0,Medium-haul,7500.0,30.0,Leipzig,kerosene_freight_medium,0.0,0.0,0,0.15,ambiguity_aware_utility,risk_neutral,D-AEAQ,3c5431,416,347031.1515438433,834.2094989034696,1872799.2021817176,22369546.026059408,type_median_fallback
111,A306,DHL,Germany,Active,1996-01-01,,,,,,,,0.0,Medium-haul,7500.0,30.0,Leipzig,kerosene_freight_medium,0.0,0.0,0,0.15,ambiguity_aware_utility,risk_neutral,D-AEAR,3c5432,564,471956.353056006,836.8020444255426,2545423.279845146,30403666.95370591,type_median_fallback
112,A306,DHL,Germany,Active,1996-01-01,,,,,,,,0.0,Medium-haul,7500.0,30.0,Leipzig,kerosene_freight_medium,0.0,0.0,0,0.15,ambiguity_aware_utility,risk_neutral,D-AEAS,3c5433,483,440029.69357719424,911.0345622716236,2367640.7454715115,28280153.3486875,type_median_fallback
113,A306,DHL,Germany,Active,1996-01-01,,,,,,,,0.0,Medium-haul,7500.0,30.0,Leipzig,kerosene_freight_medium,0.0,0.0,0,0.15,ambiguity_aware_utility,risk_neutral,D-AEAT,3c5434,542,454223.8756939233,838.0514311696003,2449681.971490026,29260090.215019755,type_median_fallback
127,B77L,AeroLogic,Germany,Active,2025-01-01,,,,,,,,0.0,Long-haul,9070.0,1.0,Leipzig,kerosene_freight_long,0.0,0.0,0,0.15,ambiguity_aware_utility,risk_neutral,D-AERA,3c5641,375,2203659.4092188426,5876.425091250247,27630581.118759684,330031941.14074075,type_median_fallback
128,B77L,AeroLogic,Germany,Active,2025-01-01,,,,,,,,0.0,Long-haul,9070.0,1.0,Leipzig,kerosene_freight_long,0.0,0.0,0,0.15,ambiguity_aware_utility,risk_neutral,D-AERB,3c5642,355,2124503.410505672,5984.516649311752,26409442.58936696,315446119.81743866,type_median_fallback
454,A333,DHL,Germany,Active,2013-11-01,France,2013-12-01,2021-10-01,2.0,Rolls-Royce,RR Trent 700,Cargo,0.0,Long-haul,11750.0,9.2,Leipzig,kerosene_freight_long,0.0,0.0,0,0.15,ambiguity_aware_utility,risk_neutral,D-AJFK,3c68cb,405,1728902.1458924487,4268.8941873887625,12450003.56134997,148708375.8716802,bulk_matched
457,A332,DHL,Germany,Active,2017-01-01,,,,,,,,0.0,Medium-haul,9070.0,9.2,Leipzig,kerosene_freight_medium,0.0,0.0,0,0.15,ambiguity_aware_utility,risk_neutral,D-ALEJ,3c70aa,356,1050003.8335023802,2949.448970512304,7806611.535420722,93245637.78419197,fleet_median_fallback
458,B752,DHL,Germany,Active,2017-01-01,,,,,,,,0.0,Medium-haul,7222.0,9.2,Leipzig,kerosene_freight_medium,0.0,0.0,0,0.15,ambiguity_aware_utility,risk_neutral,D-ALET,3c70b4,438,381582.35903537227,871.1926005373796,2590183.481848078,30938302.69985204,type_median_fallback
459,B752,DHL,Germany,Active,2017-01-01,,,,,,,,0.0,Medium-haul,7222.0,9.2,Leipzig,kerosene_freight_medium,0.0,0.0,0,0.15,ambiguity_aware_utility,risk_neutral,D-ALEU,3c70b5,455,402400.7924278399,884.3973459952525,2723828.085167753,32534613.23950372,type_median_fallback
460,B77L,Lufthansa Cargo,Germany,Active,2022-01-01,,,,,,,,0.0,Long-haul,9070.0,3.8,Frankfurt,kerosene_freight_long,0.0,0.0,0,0.15,ambiguity_aware_utility,risk_neutral,D-ALFA,3c70c1,157,987497.2341113988,6289.791300072603,11896376.825051883,142095612.07700863,type_median_fallback
461,B77L,Lufthansa Cargo,Germany,Active,2022-01-01,,,,,,,,0.0,Long-haul,9070.0,3.8,Frankfurt,kerosene_freight_long,0.0,0.0,0,0.15,ambiguity_aware_utility,risk_neutral,D-ALFB,3c70c2,144,947932.8124935596,6582.866753427497,11343921.964249205,135496845.68408775,type_median_fallback
462,B77L,Lufthansa Cargo,Germany,Active,2014-02-01,United States,2014-02-01,2014-02-01,2.0,GE-Aviation,GE90,Cargo,0.0,Long-haul,9070.0,9.0,Frankfurt,kerosene_freight_long,0.0,0.0,0,0.15,ambiguity_aware_utility,risk_neutral,D-ALFC,3c70c3,161,1063734.095488341,6607.044071356156,12698534.769351572,151676943.07836598,bulk_matched
463,B77L,Lufthansa Cargo,Germany,Active,2014-05-01,United States,2014-06-01,2014-06-01,2.0,GE-Aviation,GE90,Cargo,0.0,Long-haul,9070.0,8.7,Frankfurt,kerosene_freight_long,0.0,0.0,0,0.15,ambiguity_aware_utility,risk_neutral,D-ALFD,3c70c4,180,1108022.8856454298,6155.682698030166,13387114.159707837,159901641.35206586,bulk_matched
464,B77L,Lufthansa Cargo,Germany,Active,2015-01-01,United States,2015-02-01,2015-02-01,2.0,GE-Aviation,GE90,Cargo,0.0,Long-haul,9070.0,8.0,Frankfurt,kerosene_freight_long,0.0,0.0,0,0.15,ambiguity_aware_utility,risk_neutral,D-ALFE,3c70c5,188,1265460.9512549532,6731.1752726327295,15013508.9618651,179328023.7111665,bulk_matched
465,B77L,Lufthansa Cargo,Germany,Active,2019-02-01,United States,2019-02-01,2019-02-01,2.0,GE-Aviation,GE90,Cargo,0.0,Long-haul,9070.0,4.0,Frankfurt,kerosene_freight_long,0.0,0.0,0,0.15,ambiguity_aware_utility,risk_neutral,D-ALFF,3c70c6,156,968963.2501448191,6211.302885543713,11731929.28471991,140131377.56748784,bulk_matched
466,B77L,Lufthansa Cargo,Germany,Active,2019-03-01,United States,2019-03-01,2019-03-01,2.0,GE-Aviation,GE90,Cargo,0.0,Long-haul,9070.0,3.8,Frankfurt,kerosene_freight_long,0.0,0.0,0,0.15,ambiguity_aware_utility,risk_neutral,D-ALFG,3c70c7,179,1150780.4947234169,6428.941311304005,13873757.037418287,165714320.1691629,bulk_matched
467,B77L,Lufthansa Cargo,Germany,Active,2020-08-01,United States,2020-08-01,2020-08-01,2.0,GE-Aviation,GE90,Cargo,0.0,Long-haul,9070.0,2.4,Frankfurt,kerosene_freight_long,0.0,0.0,0,0.15,ambiguity_aware_utility,risk_neutral,D-ALFH,3c70c8,161,1025482.551702828,6369.456842874708,12469681.670499863,148943419.95319283,bulk_matched
468,B77L,Lufthansa Cargo,Germany,Active,2020-09-01,United States,2020-09-01,2020-09-01,2.0,GE-Aviation,GE90,Cargo,0.0,Long-haul,9070.0,2.3,Frankfurt,kerosene_freight_long,0.0,0.0,0,0.15,ambiguity_aware_utility,risk_neutral,D-ALFI,3c70c9,155,1041553.9083162196,6719.702634298192,12380190.9229509,147874502.69080243,bulk_matched
469,B77L,Lufthansa Cargo,Germany,Active,2022-01-01,,,,,,,,0.0,Long-haul,9070.0,3.8,Frankfurt,kerosene_freight_long,0.0,0.0,0,0.15,ambiguity_aware_utility,risk_neutral,D-ALFJ,3c70ca,167,1063352.032593376,6367.377440678898,12696344.975893397,151650787.21206003,type_median_fallback
470,B77L,Lufthansa Cargo,Germany,Active,2022-01-01,,,,,,,,0.0,Long-haul,9070.0,3.8,Frankfurt,kerosene_freight_long,0.0,0.0,0,0.15,ambiguity_aware_utility,risk_neutral,D-ALFK,3c70cb,180,1156653.8245350204,6425.854580750113,13967313.47704969,166831799.86476016,type_median_fallback
471,B77L,Lufthansa Cargo,Germany,Active,2024-01-01,,,,,,,,0.0,Long-haul,9070.0,2.0,Frankfurt,kerosene_freight_long,0.0,0.0,0,0.15,ambiguity_aware_utility,risk_neutral,D-ALFL,3c70cc,173,1049265.9693812048,6065.121210295982,12625923.357427249,150809640.10260326,type_median_fallback
472,A332,DHL,Germany,Active,2017-01-01,,,,,,,,0.0,Medium-haul,9070.0,9.2,Leipzig,kerosene_freight_medium,0.0,0.0,0,0.15,ambiguity_aware_utility,risk_neutral,D-ALMA,3c71a1,258,948402.099305678,3675.977129091775,6895007.3277730085,82357031.97062206,fleet_median_fallback
473,A332,DHL,Germany,Active,2017-01-01,,,,,,,,0.0,Medium-haul,9070.0,9.2,Leipzig,kerosene_freight_medium,0.0,0.0,0,0.15,ambiguity_aware_utility,risk_neutral,D-ALMD,3c71a4,333,1001385.3863523232,3007.1633223793488,7427922.523595341,88722407.92072211,fleet_median_fallback
474,A333,DHL,Germany,Active,2012-01-01,,,,,,,,127.5,Long-haul,11750.0,14.0,Leipzig,kerosene_freight_long,0.0,0.0,0,0.15,ambiguity_aware_utility,risk_neutral,D-ALMG,3c71a7,394,1651981.7540178627,4192.847091415895,11899838.054503158,142136954.5398988,type_median_fallback
542,A306,DHL,Germany,Active,1993-01-01,France,1993-06-01,2020-01-01,2.0,Pratt & Whitney,PW4000,Cargo,0.0,Long-haul,7500.0,30.0,Leipzig,kerosene_freight_medium,0.0,0.0,0,0.15,ambiguity_aware_utility,risk_neutral,D-AZMK,3c1bab,114,89635.7849201084,786.2788150886702,484288.6839937861,5784559.281036889,bulk_matched
543,A306,DHL,Germany,Active,1996-01-01,,,,,,,,0.0,Medium-haul,7500.0,30.0,Leipzig,kerosene_freight_medium,0.0,0.0,0,0.15,ambiguity_aware_utility,risk_neutral,D-AZML,3c1bac,463,450077.2462314829,972.0890847332244,2405572.9655129416,28733232.6436268,type_median_fallback
544,A306,DHL,Germany,Active,1993-01-01,,,,,,,,0.0,Medium-haul,7500.0,33.0,Leipzig,kerosene_freight_medium,0.0,0.0,0,0.15,ambiguity_aware_utility,risk_neutral,D-AZMM,3c1bad,583,501436.8886211475,860.09757911003,2701585.5241423766,32268938.205033943,type_median_fallback
545,A306,DHL,Germany,Active,1993-01-01,,,,,,,,0.0,Medium-haul,7500.0,33.0,Leipzig,kerosene_freight_medium,0.0,0.0,0,0.15,ambiguity_aware_utility,risk_neutral,D-AZMN,3c1bae,596,480383.092688087,806.0119004833675,2593308.605317082,30975630.56350959,type_median_fallback
546,A306,DHL,Germany,Active,1996-01-01,,,,,,,,0.0,Medium-haul,7500.0,30.0,Leipzig,kerosene_freight_medium,0.0,0.0,0,0.15,ambiguity_aware_utility,risk_neutral,D-AZMO,3c1baf,477,394890.5389265232,827.8627650451219,2126799.45230625,25403437.902546875,type_median_fallback
547,A306,DHL,Germany,Active,1992-01-01,,,,,,,,0.0,Medium-haul,7500.0,34.0,Leipzig,kerosene_freight_medium,0.0,0.0,0,0.15,ambiguity_aware_utility,risk_neutral,D-AZMP,3c1bb0,496,409608.1984591002,825.8229807643149,2210814.285286949,26406948.40759412,type_median_fallback
548,A306,DHL,Germany,Active,1990-01-01,,,,,,,,0.0,Medium-haul,7500.0,36.0,Leipzig,kerosene_freight_medium,0.0,0.0,0,0.15,ambiguity_aware_utility,risk_neutral,D-AZMQ,3c1bb1,490,397930.7521437503,812.1035758035721,2148376.666009765,25661165.732894413,type_median_fallback
